qbca,kmeans,gmm,dbscan,padding
0.5545647094982394,0.5760590141947022,0.4602219582968986,0.0,
0.42013202680452183,0.3508067196973434,0.5948057570503121,0.0,
0.4505387130815431,0.43315603183180446,0.5634019682771635,0.0,
0.4323377266271652,0.42008637660811576,0.614635584400502,0.0,
0.4297457643687774,0.3904668759750475,0.5749996620723526,0.0,
0.4377021421078062,0.4652147823162596,0.16873613945233085,0.0,
0.42815029589449144,0.42815029589449144,0.6163933760765681,0.0,
0.48301476123096343,0.48301476123096343,0.6318430995304762,0.0,
0.43685621970199373,0.264562083606764,0.5465870018600981,0.0,
0.44671632931549216,0.42319825867877026,0.6687683938892073,0.0,
0.47535554551566256,0.47970614081951735,0.6941937496185897,0.0,
0.4446699824369826,0.4446699824369826,0.6062539712582299,0.0,
0.3554045447625011,0.40615850098430967,0.5366156764130188,0.0,
0.4624634569455379,0.46487500192372383,0.6100040657700773,0.0,
0.3679904743107864,0.38299340641385876,0.5875770652828821,0.0,
0.43520863390884007,0.412878543085732,0.6215430063734154,0.0,
0.4624660811589359,0.4132331061884334,0.20671254917679333,0.0,
0.3443059989970992,0.33013891312620763,0.5810810202584402,0.0,
0.4703529753127321,0.463762388211843,0.6286698871914228,0.0,
0.5070698310364586,0.5070698310364586,0.643939888410491,0.0,
0.3993806852002673,0.3993806852002673,0.6444242870911049,0.0,
0.46517550899675275,0.46116592395921374,0.6796389764685188,0.0,
0.5160961469418872,0.5160961469418872,0.7763221869305815,0.0,
0.39956952697323384,0.35975404088824925,0.30396518152747015,0.0,
0.43166784504409156,0.42909517746471565,0.6256193879359269,0.0,
0.4129682804097339,0.3824578563415508,0.6025211324959391,0.0,
0.5076739130912583,0.5005951058320371,0.7187417202046256,0.0,
0.3790950493725149,0.48022309623031584,0.629814050843677,0.0,
0.45023929855542305,0.4403465842640701,0.6678914161137184,0.0,
0.40135465638544104,0.3936867468827685,0.54599081683595,0.0,
0.2855157719208856,0.2724735688512774,0.5557863030007363,0.0,
0.2673133427603554,0.40966006823551526,0.612379420130474,0.0,
0.4515942105622646,0.4603377051892028,0.6805639448995427,0.0,
0.49209895055770175,0.47736762141803335,0.5201554781040953,0.0,
0.466777592900721,0.36901033221094515,0.6652254171424445,0.0,
0.3726952450862571,0.37653691275167783,0.3485857848749494,0.0,
0.3798929648813863,0.35828968210822093,0.6272562140845832,0.0,
0.42446228425382887,0.42822081142999596,0.612886749211996,0.0,
0.4701844842553173,0.4466167189324656,0.680426460689055,0.0,
0.45473482357632866,0.4680953532724444,0.6438263613836133,0.0,
0.48901054258867654,0.5125237361262206,0.7844192801439168,0.0,
0.4146806851072333,0.45077404201757004,0.5894319055334808,0.0,
0.26982406735193015,0.38479336497171257,0.28600435070246116,0.0,
0.4225461473714431,0.40332007615914606,0.6581928865340172,0.0,
0.47485888278347926,0.45272205676723076,0.6086471636269669,0.0,
0.4900792649063462,0.5077419369054728,0.7185130411705866,0.0,
0.42969279654133485,0.4538501175135396,0.5043228428231549,0.0,
0.3127499514055178,0.3916468888879421,0.5181257980347527,0.0,
0.4606848850971713,0.19975177297773053,0.5622997181028754,0.0,
0.41007841929446326,0.38407217657765796,0.669344856198452,0.0,
0.4734608432542737,0.46150283078719806,0.5834549184618573,0.0,
0.44518260103109203,0.31825750521276347,0.6650402155708708,0.0,
0.43238687533663184,0.43238687533663184,0.6423985342642898,0.0,
0.38085451041406554,0.3391264920449223,0.4398729858928568,0.0,
0.43022351102817674,0.19803299329087587,0.5970385967141402,0.0,
0.42370848568688446,0.42370848568688446,0.6674505976626657,0.0,
0.3782459695314546,0.36924735224295213,0.23165038063641955,0.0,
0.46542365913076944,0.46531452796133066,0.629976845315412,0.0,
0.3980405356772388,0.45382806274174425,0.45185959664807185,0.0,
0.3437570967406461,0.34495255118691354,0.21681970295444966,0.0,
0.4221048660882686,0.40686925176749106,0.5926277754197797,0.0,
0.46747224648302993,0.4811813705276983,0.6348441246464515,0.0,
0.5065056516957281,0.5065056516957281,0.5786737362454974,0.0,
0.43713308467201345,0.45986329887197364,0.6937701578679342,0.0,
0.46298955485178117,0.46298955485178117,0.6265809536028524,0.0,
0.4024012250883186,0.3777159780099806,0.6340067938050928,0.0,
0.44547812419823946,0.44547812419823946,0.7087486132231293,0.0,
0.3230291490422092,0.33308391234633883,0.5035938604328635,0.0,
0.48384386685065317,0.461865720001127,0.7578067120845161,0.0,
0.29404871479261996,0.40849513243052155,0.2253318655211679,0.0,
0.37568235857646515,0.37568235857646515,0.7107192212262882,0.0,
0.3074765779746981,0.30021660466366995,0.5499911389082686,0.0,
0.4788090426958063,0.48889467728131364,0.6671991179533989,0.0,
0.36132036973461756,0.33047066624606486,0.6577670232867959,0.0,
0.4477377404497426,0.4475860280835435,0.621466381349251,0.0,
0.39089693538313613,0.3779964781340109,0.6217538022921403,0.0,
0.46986807686695087,0.47207952951167353,0.2162687766977862,0.0,
0.4190327488544776,0.3938328333758601,0.5725867214527979,0.0,
0.45916107536915707,0.4817103885693762,0.6516455696202532,0.0,
0.48622808865986994,0.48622808865986994,0.6869476951131053,0.0,
0.3751436976108056,0.3437782144564236,0.6136784771744623,0.0,
0.4648779838940048,0.4716746094580991,0.6511656861125008,0.0,
0.41115307209916147,0.42931128495115367,0.6170405670866892,0.0,
0.5420179002298181,0.49059953269604795,0.6217928599007856,0.0,
0.45628188990414825,0.45628188990414825,0.6930921336280254,0.0,
0.43250055520937325,0.4384464658785669,0.6368653895228438,0.0,
0.3558232208195533,0.4060012379934118,0.17190847370532136,0.0,
0.298021766166478,0.3126617974857554,0.5632023810063926,0.0,
0.4060752964779985,0.41726923797243276,0.5298669505762671,0.0,
0.42008637660811576,0.4219203763485605,0.19128820164271879,0.0,
0.3640748162700694,0.4246694248220902,0.5301052555151938,0.0,
0.46134656844546046,0.46134656844546046,0.6320372313067436,0.0,
0.37947218835346597,0.37950326173564397,0.5368437969433922,0.0,
0.3091591982605124,0.2848556553665299,0.46763556918152754,0.0,
0.4558692239017332,0.44629331477366085,0.612362305761268,0.0,
0.4176695215637897,0.4421475597184051,0.7050180908643967,0.0,
0.21424499063919783,0.4209610798979103,0.24340587934687535,0.0,
0.44235436760402785,0.447875908938238,0.6955963390023985,0.0,
0.37307666043267845,0.37307666043267845,0.5548639420774956,0.0,
0.4206092947416588,0.38830248912937626,0.6349666380675074,0.0,
0.43975946832586565,0.4902664327193311,0.597492827545802,0.0,
0.35815367121993547,0.3985535077006727,0.5594012698028511,0.0,
0.4015760941083074,0.3874265286006598,0.5526474670445103,0.0,
0.43990367467288083,0.44467603942346534,0.7047032674832172,0.0,
0.38042661747175543,0.40068823774237416,0.5975638990280021,0.0,
0.4923266603225814,0.5044588792249257,0.20988848169929486,0.0,
0.4217949448420647,0.4217949448420647,0.5714427604639299,0.0,
0.5448168458575796,0.5148952459734105,0.7456422533103912,0.0,
0.3627128363188521,0.3668894920579129,0.6551747575235113,0.0,
0.41279008535177786,0.41279008535177786,0.6403015172531625,0.0,
0.3874599530461627,0.39685297641357165,0.694101468449108,0.0,
0.4282379631633128,0.450839859727306,0.5855325560603241,0.0,
0.41710511610783985,0.41710511610783985,0.4997973946950624,0.0,
0.37929538969557347,0.391533425941631,0.5448766787839248,0.0,
0.42676139701976634,0.39660349982886184,0.6401783561761122,0.0,
0.4465069333780953,0.4465069333780953,0.6831983782665907,0.0,
0.44396576982092745,0.4980032220984081,0.5778614755317236,0.0,
0.48855210964040946,0.47066559588961665,0.17073233692144868,0.0,
0.35728487538724746,0.36511185160075815,0.5022327967316418,0.0,
0.2335123893302731,0.3635572724004654,0.693074418415082,0.0,
0.544947520385331,0.544947520385331,0.6197374582355909,0.0,
0.46982835434895054,0.45868459600651607,0.6559749981302989,0.0,
0.37904025318027745,0.3935764341432625,0.5676663590804587,0.0,
0.3586775229495474,0.39446671271872896,0.5817960402795257,0.0,
0.5130419867974897,0.49970034707053584,0.6921897820120365,0.0,
0.4008650861362819,0.4008650861362819,0.7197281442396252,0.0,
0.4378467565507158,0.41895103546738477,0.46714346018604674,0.0,
0.521300795853911,0.4565584504725152,0.7176936122102883,0.0,
0.3999258846704793,0.39908018517041155,0.6471985860994894,0.0,
0.4384701358891483,0.4461979106950865,0.7190877816755669,0.0,
0.47419484710950166,0.49356089447503027,0.659469888477522,0.0,
0.4183557107092456,0.3969233847987715,0.5224975812055763,0.0,
0.4761986350902412,0.4661753278343888,0.6009185460442782,0.0,
0.4085908364122334,0.4085908364122334,0.5536747258530654,0.0,
0.30225720117356436,0.31921218561210213,0.4836181142564749,0.0,
0.4551699891470735,0.3406537293808017,0.5633693798292629,0.0,
0.41617356148195606,0.3824024695254421,0.5574576947029333,0.0,
0.3562614588684388,0.3562614588684388,0.24668033568196585,0.0,
0.47800890037951077,0.47800890037951077,0.7074450580003223,0.0,
0.3861562420805708,0.39301581296977334,0.5814097549726667,0.0,
0.3990475552260165,0.3990475552260165,0.6797419816587734,0.0,
0.46115596637996564,0.4943154306096917,0.6938294331820427,0.0,
0.4727793443972624,0.46245142271044326,0.744942493034096,0.0,
0.4433793261994508,0.4450182648105202,0.6453988951376101,0.0,
0.41474158032935043,0.41474158032935043,0.6040375995258367,0.0,
0.43137071982262065,0.4132295955568152,0.7066962694580464,0.0,
0.41321942929090005,0.3996549222931359,0.13065456808868128,0.0,
0.3913764908009659,0.38785084769000727,0.5874443919775332,0.0,
0.37097305948136394,0.3416265923875373,0.18379770283215288,0.0,
0.4471707060292435,0.4471707060292435,0.5863415203942728,0.0,
0.3396641521088862,0.379311955730057,0.49170637594032085,0.0,
0.5434945194930282,0.51034967779201,0.6563395419516391,0.0,
0.3887688182499601,0.3887688182499601,0.5322025240451935,0.0,
0.4000616969224376,0.3792746709581011,0.2273874199827764,0.0,
0.33592593153033184,0.3568824234096537,0.507472440694735,0.0,
0.4328178128770429,0.4237533145718133,0.22016109580091126,0.0,
0.4479213868074664,0.4928643050729133,0.3129037620669525,0.0,
0.49523047220304245,0.4854976862813333,0.5931864949662193,0.0,
0.42058824172245496,0.4439172476814326,0.6320524226508484,0.0,
0.4195675493071444,0.39662597863932,0.6948914753495468,0.0,
0.303601168595392,0.4086031821156827,0.6543082429486353,0.0,
0.40285605540945324,0.40203964470705106,0.6192689329338035,0.0,
0.44047861406815386,0.45420867948822174,0.7018661140798544,0.0,
0.42515610828727834,0.4164649279732942,0.6206777853522228,0.0,
0.46588645688754515,0.44684093637585287,0.6169026903546438,0.0,
0.45379574501348413,0.4622478236164186,0.5265938269089085,0.0,
0.4107213073669019,0.4107213073669019,0.6074407162263845,0.0,
0.46562326056371983,0.4735212139981419,0.6308795374353248,0.0,
0.3623328204394952,0.3623328204394952,0.4526805438395176,0.0,
0.4507664181025643,0.46884840754175466,0.5947294462660122,0.0,
0.4292140783728801,0.404662753997218,0.6593696581681001,0.0,
0.43107928826991715,0.43107928826991715,0.5600634500038305,0.0,
0.4294418509983126,0.41949248438320524,0.6052883263009845,0.0,
0.43664069635765873,0.4181630917631888,0.5846824168628455,0.0,
0.41599310340357404,0.41599310340357404,0.6425011867880677,0.0,
0.4269839828019499,0.39404597199475405,0.6652958878887532,0.0,
0.41531112860742725,0.41531112860742725,0.6797640176535724,0.0,
0.46226261398711627,0.4056936385942508,0.6556278787357012,0.0,
0.31300573612965293,0.33654917137075974,0.46275951681560495,0.0,
0.45116726772807425,0.43034869760176264,0.704893444442934,0.0,
0.3069752712749113,0.4988226865462997,0.6044564868462701,0.0,
0.4528614059935118,0.4528614059935118,0.6339663064466039,0.0,
0.4539519711662382,0.4727682451229152,0.6557942800909154,0.0,
0.38074630199869475,0.31733443108701204,0.5827044103436804,0.0,
0.43209081288575424,0.43209081288575424,0.6827206899209691,0.0,
0.44468060188337966,0.44468060188337966,0.5626746771774641,0.0,
0.45353880506861294,0.4839713704406634,0.5699264781744696,0.0,
0.41171323375985247,0.4420895081526352,0.6599914997874947,0.0,
0.44370829174312726,0.44370829174312726,0.6502236733451642,0.0,
0.40733284595209635,0.40733284595209635,0.6310756521247101,0.0,
0.39574242740621307,0.39574242740621307,0.315723402029501,0.0,
0.3785309529547505,0.3312738660385079,0.6205870053016642,0.0,
0.35937238413922157,0.4125333396478644,0.5663443883085194,0.0,
0.4023822989894906,0.4023822989894906,0.5486916381019108,0.0,
0.4330043600009559,0.416790111675259,0.6128572612787809,0.0,
0.3929463881285367,0.29081635909842396,0.24980550135843554,0.0,
0.46199812314704725,0.5099846493139114,0.6354901299330525,0.0,
0.43209708058278284,0.4105336359938593,0.5972466813081211,0.0,
0.4678604796695134,0.4678604796695134,0.27173270197694427,0.0,
0.5358539075368065,0.5358539075368065,0.6943550778941745,0.0,
0.42090645866572124,0.40117422771862776,0.5081809947482788,0.0,
0.3713281183628391,0.3713281183628391,0.5743104846085576,0.0,
0.36961839898107995,0.3942905183923543,0.5917046611283513,0.0,
0.375049240157824,0.41210132518319587,0.6839141099561382,0.0,
0.47945139840263457,0.47945139840263457,0.7206951084206681,0.0,
0.4040234392823078,0.4040234392823078,0.6661182946836542,0.0,
0.4204435956046615,0.40660402684563757,0.6134615298455639,0.0,
0.47572701151306096,0.46808394871493525,0.6739560005269397,0.0,
0.4252836311703688,0.43393325436406277,0.5476100002473305,0.0,
0.35729873105506027,0.36265957652269637,0.6021455004337174,0.0,
0.3460395474998225,0.34307773383776285,0.669998435044125,0.0,
0.399298713153779,0.40804378014041953,0.6158148514002969,0.0,
0.46303845793873805,0.4362153076348049,0.6398265940236225,0.0,
0.5211985987792859,0.5489078301259326,0.645260742415353,0.0,
0.4075575390251983,0.3776487861800416,0.3566174509247424,0.0,
0.3530008467618879,0.3423798018793428,0.4238001739888833,0.0,
0.49956597790195023,0.467654653835999,0.7486940946517472,0.0,
0.36548843993935565,0.35474154662639285,0.5727251758477755,0.0,
0.39989576677925887,0.382474045932148,0.6849916156173552,0.0,
0.40255177595094477,0.36997906735840375,0.6104335274546204,0.0,
0.5036806323346134,0.5120282299893194,0.6174531634027935,0.0,
0.2423928407107891,0.29032675212641257,0.19650043551605892,0.0,
0.45434193549800334,0.45434193549800334,0.6035868739703738,0.0,
0.45631677504725077,0.4576247539364715,0.6982216309133088,0.0,
0.4477044465360871,0.42729661868458346,0.19829467290609315,0.0,
0.4000616969224376,0.4058708128933554,0.27109112714641553,0.0,
0.4853491044897941,0.5237958061235116,0.6138262421696314,0.0,
0.4659381660789553,0.4533094033828248,0.6920755194390036,0.0,
0.4688877872581114,0.4933939536097051,0.20148141793925511,0.0,
0.43889260937693025,0.4180978632176597,0.5920442455231486,0.0,
0.44482169859827786,0.4345703167271956,0.7004292155420256,0.0,
0.4116727384096103,0.4525684773190047,0.6547727442177824,0.0,
0.270333975232162,0.3867543245136606,0.18888911543316395,0.0,
0.3967253286293695,0.4081820897670453,0.558017118850015,0.0,
0.44284312455683195,0.454761711080869,0.6797958670325711,0.0,
0.3673396659468587,0.3673396659468587,0.5342544769251768,0.0,
0.45317870270294164,0.45898743984189827,0.6414316516519232,0.0,
0.3567593597796655,0.39994833129625484,0.3118402932459454,0.0,
0.3896106201760265,0.37254355832018077,0.5282622662026474,0.0,
0.4122756162269689,0.42281812506615346,0.5731220372689597,0.0,
0.45221166523704953,0.4481788579529045,0.6696843927005223,0.0,
0.48810632040445706,0.46932461065105097,0.7185705010304754,0.0,
0.3781667932842879,0.3902399582568798,0.5804695772994921,0.0,
0.4601868768141662,0.4921543657847497,0.6800717799292623,0.0,
0.3520708466053359,0.3302181969585166,0.11624829927727083,0.0,
0.41726923797243276,0.4372200347087071,0.6220293942429767,0.0,
0.184832861982021,0.4034002485650916,0.7080791974105922,0.0,
0.3765917323880684,0.37298786594512806,0.6052961181809771,0.0,
0.4349338477663178,0.4349338477663178,0.6477687881122531,0.0,
0.5390027235248307,0.5390027235248307,0.7989052264190815,0.0,
0.15762018095231636,0.3712407011802494,0.2748651190726949,0.0,
0.41797240790047163,0.4269588442446501,0.584487848421892,0.0,
0.42432945001354644,0.40864021896119024,0.6115639471618378,0.0,
0.4463555398472538,0.42456752396815617,0.7306882236484185,0.0,
0.5911622593535941,0.5017648566752335,0.7697474920136115,0.0,
0.5126926314817705,0.538248524316482,0.6311884606589705,0.0,
0.4174604424151775,0.4174604424151775,0.7206900465327432,0.0,
0.4062217493046814,0.4062217493046814,0.1998154422038285,0.0,
0.4586880243754555,0.4586880243754555,0.7726195900805012,0.0,
0.3933564108833383,0.3933564108833383,0.6015999600237132,0.0,
0.43297755022529016,0.4386807145330943,0.5953023868000055,0.0,
0.40589706956628546,0.41339411392486797,0.6929867293230527,0.0,
0.4655523608045532,0.4774724063977449,0.5597559570733823,0.0,
0.4481754310890648,0.47838801540101517,0.6925541084408489,0.0,
0.40111339251521555,0.38353685824345474,0.5043575507719185,0.0,
0.26930782091308547,0.3591427276308933,0.6335291591630076,0.0,
0.4853213563141294,0.4865251145250357,0.656699914402029,0.0,
0.29487801203886943,0.4606429680448528,0.6819055233284425,0.0,
0.3398316256279459,0.3373672371679223,0.5129960669357124,0.0,
0.4082279775346205,0.4082279775346205,0.5425674429764441,0.0,
0.5362510044205572,0.5169635947961702,0.6909573999787801,0.0,
0.2421721779851741,0.33938653789093914,0.5415488083607255,0.0,
0.4687511609458896,0.4563643056121238,0.645693079798531,0.0,
0.4290838569814795,0.4408912594556758,0.6004386464496215,0.0,
0.3617424159981195,0.3617424159981195,0.1676848738099897,0.0,
0.5134361723939513,0.5004913740224736,0.6948528827894758,0.0,
0.34524183774572403,0.4250838900347874,0.6090193469578663,0.0,
0.3688385730226143,0.32419951719437706,0.5610658503117938,0.0,
0.46384331629964426,0.4667907164533464,0.5736109833863049,0.0,
0.44275024981277533,0.44275024981277533,0.6257297818597242,0.0,
0.4428895870479524,0.39227636531257,0.5845543988957714,0.0,
0.35342712427085865,0.4058708128933554,0.5268508776044983,0.0,
0.40416201786434924,0.40416201786434924,0.6311593332774483,0.0,
0.44989052222855824,0.44989052222855824,0.5536182587987422,0.0,
0.4535223811551689,0.4641258389371394,0.7211870599930097,0.0,
0.4248608130520139,0.4387408138642097,0.5620489342471602,0.0,
0.45795664090611804,0.447377553314316,0.5165694153913906,0.0,
0.3581132499983457,0.33213493476389455,0.5265413870850761,0.0,
0.42961234257037445,0.44002092229521095,0.6676369982705399,0.0,
0.3726952450862571,0.3598915907029503,0.5047806268941532,0.0,
0.47113987412326547,0.47113987412326547,0.7714355613646815,0.0,
0.33748701530008257,0.33748701530008257,0.5118092995301304,0.0,
0.3754835018863345,0.3754835018863345,0.45364880589571677,0.0,
0.5124199654412359,0.5124199654412359,0.7715190691954612,0.0,
0.5737829767050351,0.4766847535650851,0.6677237722167345,0.0,
0.40536724078740255,0.4017735906711111,0.6424314660309893,0.0,
0.36594801754786316,0.39480965822153646,0.6498180917472055,0.0,
0.3835482421341659,0.363155429009051,0.49194078619672843,0.0,
0.5743103628127476,0.4588775625004136,0.7197174733997942,0.0,
0.36829556377201444,0.3991196709589814,0.6402107337131108,0.0,
0.4388093990657054,0.43016952784538043,0.2065225857067686,0.0,
0.47852305327645156,0.4630989285908522,0.6824920623015576,0.0,
0.37223735899609756,0.4080030391287831,0.6178076343602683,0.0,
0.4824005270897056,0.45075584854367245,0.6848060769388367,0.0,
0.5223086223126374,0.5330349821592552,0.6441426423259328,0.0,
0.40756646697878146,0.3972439902060224,0.6574939730699124,0.0,
0.5043029110543705,0.42314335810956144,0.6216146405678953,0.0,
0.3747750504856754,0.36505683956128077,0.6082235695236199,0.0,
0.44939420502939487,0.4842513237622141,0.718641339488784,0.0,
0.4373948669937593,0.4349338477663178,0.6102475115192758,0.0,
0.36500017967704634,0.36500017967704634,0.4819701143445366,0.0,
0.4146102226620057,0.4146102226620057,0.24731365422285628,0.0,
0.4895027576210023,0.4734345967438053,0.6517269054696923,0.0,
0.43932627113072675,0.43932627113072675,0.6566192220778103,0.0,
0.38303109394078394,0.2838872430318665,0.6001547350275763,0.0,
0.4890003487079165,0.4644096077740578,0.656393287746208,0.0,
0.528778561304118,0.524459367400885,0.35454207855134484,0.0,
0.29245127786590136,0.41883316810711896,0.6447176658375999,0.0,
0.5559060071187936,0.5391745732015345,0.2724655748406798,0.0,
0.3914441131244059,0.3987318947485755,0.29287257619377355,0.0,
0.3481728183167484,0.3481728183167484,0.5430161819767713,0.0,
0.4495122524727998,0.4495122524727998,0.682184432700345,0.0,
0.4680862569842069,0.4559802190344243,0.6323206182243633,0.0,
0.4612833048315467,0.4415703348173793,0.29407225196546566,0.0,
0.4631222140074625,0.3705290800423108,0.6519985836364908,0.0,
0.40755575472851135,0.4022301290607792,0.6803229280252491,0.0,
0.3916468888879421,0.4084292430583269,0.6068579188592769,0.0,
0.3628687611149057,0.34979835518610203,0.6345470471038335,0.0,
0.47188907267042335,0.42460278716161237,0.5741457779882968,0.0,
0.27325033999372317,0.47637245134863526,0.6820374768831133,0.0,
0.4988955203701806,0.4988955203701806,0.7162268106921039,0.0,
0.42093032951456016,0.4177656566623933,0.22635718432593224,0.0,
0.4900350560399851,0.4900350560399851,0.7340612612121995,0.0,
0.2822215150513011,0.38720808958285946,0.6283321461234413,0.0,
0.26290549572721217,0.3552818196702836,0.5563876159606572,0.0,
0.46750063392781677,0.4479432268873454,0.7334411803355945,0.0,
0.41010275278120867,0.4057682583019904,0.5989362110073739,0.0,
0.4108519770987589,0.4108519770987589,0.58240553363429,0.0,
0.5165424303027347,0.5063565202909011,0.6478273217835842,0.0,
0.20279315884786547,0.28015362368548646,0.40655220612522125,0.0,
0.3975223185267748,0.3975223185267748,0.6409748704961178,0.0,
0.5272423282206616,0.5318310558345486,0.6417511277159489,0.0,
0.439654888819196,0.46630536710354265,0.6922055618239737,0.0,
0.39659698124222603,0.39659698124222603,0.5480533439310665,0.0,
0.39830976567702153,0.3866080262922749,0.19565697846469657,0.0,
0.4699187630855618,0.4699187630855618,0.6254151760750786,0.0,
0.36265957652269637,0.3444532619258794,0.6187048406726902,0.0,
0.3356365734088592,0.4081159659092141,0.48249949644412077,0.0,
0.36874906419056014,0.3899268904608123,0.49202470977626306,0.0,
0.37030758052797286,0.37030758052797286,0.49731091353347523,0.0,
0.45538009228855614,0.4675867046682363,0.6810085177033515,0.0,
0.4027572742076805,0.3656133657293728,0.5350446258637443,0.0,
0.47463760082656725,0.4658680080185096,0.6705084715078083,0.0,
0.43371428321502453,0.39096305175847335,0.6560636587500255,0.0,
0.4486477161895873,0.44070186088146085,0.6578625089932317,0.0,
0.42815284430191264,0.42815284430191264,0.721714645857799,0.0,
0.2921855512152503,0.27602664289085854,0.4735023683477292,0.0,
0.3150056442681337,0.33945921669426854,0.5965498984672918,0.0,
0.41672420289634116,0.41672420289634116,0.6569968114877154,0.0,
0.34004389136253504,0.34599032153814513,0.6159128891334698,0.0,
0.47258304499024795,0.4767068054269057,0.6326327531641975,0.0,
0.21567022533304428,0.36147509130219146,0.5402958700629459,0.0,
0.4062832174487716,0.3845135814390592,0.5665328640222277,0.0,
0.3064695226520404,0.3064695226520404,0.5241718470388205,0.0,
0.32499321144582305,0.32499321144582305,0.5607306427664661,0.0,
0.5214244245724717,0.46437913289395055,0.6952667495347195,0.0,
0.21310181368931502,0.3535711749554021,0.6670243406562376,0.0,
0.31280588583683094,0.3168766259125918,0.515992182445426,0.0,
0.5394437350802198,0.5288896154678849,0.6459518955642847,0.0,
0.43022351102817674,0.4144317983368656,0.6789476894852545,0.0,
0.426563676898739,0.44482169859827786,0.6033625253178769,0.0,
0.38096759460774965,0.3771912352730785,0.6561751353654585,0.0,
0.4895027576210023,0.4658435805111746,0.7317308237428426,0.0,
0.4478743545234733,0.4450182648105202,0.6419554116947669,0.0,
0.48869429289389854,0.5019441127716618,0.5856104738454146,0.0,
0.36874047668822585,0.3841390061736205,0.6350160031444775,0.0,
0.387915987463494,0.3661412150360005,0.659654720220633,0.0,
0.5204022347356027,0.5005951058320371,0.6031174141945479,0.0,
0.3845182163273461,0.3898238151142551,0.6331260599208592,0.0,
0.49508557259048486,0.49508557259048486,0.6335683185210227,0.0,
0.30950016997957996,0.42612161681339233,0.6582840841468345,0.0,
0.5381133878542402,0.39121652064546847,0.5523233220451896,0.0,
0.3052080649522929,0.30535252025788384,0.4805693210139608,0.0,
0.4360771416017367,0.39642879759619687,0.34061889048939936,0.0,
0.35486321707364943,0.36794381910801627,0.5609062930030103,0.0,
0.3791822451783735,0.34906094214522737,0.6271072878772208,0.0,
0.4288852039649007,0.44941411184018754,0.6172661026773331,0.0,
0.4927446116387294,0.4796850078878405,0.6314183176524459,0.0,
0.2902650707511714,0.4435904181877877,0.5792520483781854,0.0,
0.4438489652068608,0.4530797093552901,0.5827294931354092,0.0,
0.3718302754918438,0.3381000465079252,0.44033151947152616,0.0,
0.4118454329797871,0.4063929857283077,0.5387459959063158,0.0,
0.5006777534556652,0.514529861660341,0.593414777494134,0.0,
0.42113303849275413,0.4594482463457348,0.59691864696247,0.0,
0.4314346596549123,0.4702061079789271,0.6775799797670735,0.0,
0.5131233106738015,0.4193341497377534,0.6239314709626325,0.0,
0.4387672733143383,0.3992947440190037,0.6006268412327272,0.0,
0.3053535519609455,0.3380521833394862,0.47695307122142727,0.0,
0.4494256921552458,0.4494256921552458,0.607015492810955,0.0,
0.43752580528708446,0.4417309312904506,0.5556208494788514,0.0,
0.3897036043667498,0.4225621165026128,0.2640599913927444,0.0,
0.3562614588684388,0.3817618089085942,0.6200437662511059,0.0,
0.3631950734338431,0.3631950734338431,0.5931568510182883,0.0,
0.4012479027523212,0.4254494259875962,0.4084017919003008,0.0,
0.43492103425391354,0.44102449083580664,0.6547452222831496,0.0,
0.3632943581934413,0.36563439766259354,0.6161784489476911,0.0,
0.49167398935914425,0.4248718499846936,0.719636953614511,0.0,
0.4634014822218862,0.4245111091005442,0.35734953642635686,0.0,
0.31425898889541976,0.31050695055169936,0.4786424980331418,0.0,
0.34034193206423186,0.34034193206423186,0.4913418248853596,0.0,
0.3361258895494857,0.41400388217030154,0.6693060399680834,0.0,
0.47574546358005587,0.47574546358005587,0.22487516716175265,0.0,
0.4923381473179696,0.4563643056121238,0.6646631311925242,0.0,
0.3990282437107227,0.4286860766488179,0.6066960892872044,0.0,
0.4234683075008534,0.4539692647947867,0.6940633780936678,0.0,
0.3838101749550449,0.3682856469659243,0.6323204788889921,0.0,
0.3898238151142551,0.3898238151142551,0.18768170400359535,0.0,
0.35793738746486514,0.40582086000991024,0.6412772969441889,0.0,
0.45665822972787057,0.4472925870251607,0.6324618051866736,0.0,
0.4332778062255178,0.4332778062255178,0.6023887858045001,0.0,
0.46283220875042963,0.46455984504554076,0.5713162651209565,0.0,
0.46612301967246567,0.44282162967941513,0.6072322282972501,0.0,
0.3990475552260165,0.3989356287133324,0.6201606681914535,0.0,
0.3358841747275715,0.4588141141279035,0.658178205514967,0.0,
0.39836447328081614,0.39836447328081614,0.6310780067820198,0.0,
0.49828565423200377,0.465996595959552,0.6029772207055033,0.0,
0.3873567984508072,0.3973076394149016,0.5930515475584225,0.0,
0.41555680731719424,0.41555680731719424,0.6692242731876955,0.0,
0.39900142438170844,0.42453922256314036,0.6213544756014182,0.0,
0.4439948808387684,0.32554054582846015,0.6595201482756818,0.0,
0.44302843543395926,0.4539492103315588,0.7326172991860989,0.0,
0.39550440536814807,0.41465750325617357,0.6081251286086746,0.0,
0.4785370958223735,0.4466087130339183,0.5602985270226607,0.0,
0.3220012463067841,0.38811302794403374,0.3486087609447633,0.0,
0.4346550470776182,0.4064306567931788,0.6448384628136333,0.0,
0.375950867966267,0.3963958521229173,0.5166227333390878,0.0,
0.4742034500866806,0.46217148808703284,0.6724918122953074,0.0,
0.42150953328126955,0.38590632315463874,0.5988744943487031,0.0,
0.40748873248334105,0.41813134168087146,0.6858108644968547,0.0,
0.46143804569576824,0.44868652555071536,0.5956006042282429,0.0,
0.4090821781515797,0.4206092947416588,0.6691677494110098,0.0,
0.44941411184018754,0.44941411184018754,0.6816402761227947,0.0,
0.4544752446734705,0.46657964866481755,0.6892192069063401,0.0,
0.42125446196555333,0.47275922671353254,0.7307223483458173,0.0,
0.4278769385921247,0.4278769385921247,0.6183508321852186,0.0,
0.47034128491401594,0.47034128491401594,0.6179984197695385,0.0,
0.3969962037090992,0.35950233861046943,0.615227788303195,0.0,
0.4182224774899707,0.4829975130131751,0.63284500319857,0.0,
0.39574242740621307,0.39690098569867377,0.6431036115884765,0.0,
0.44791234386304923,0.418754034930896,0.5483150742852796,0.0,
0.4384689932984852,0.4580264582421149,0.638444028484049,0.0,
0.5122386166994702,0.5122386166994702,0.7875912507986569,0.0,
0.35181348373951443,0.3602231899719506,0.5791209853018172,0.0,
0.4917563492184988,0.4489592764064035,0.669871147645875,0.0,
0.3450340925208143,0.3152343511466456,0.5373290566746742,0.0,
0.4752834932750218,0.4059166386935615,0.6144967992162441,0.0,
0.388678322533317,0.3254498584394773,0.4189964957752094,0.0,
0.4077972276813988,0.40286641641005877,0.23249441244361824,0.0,
0.43297335405963056,0.38048528652555497,0.6197274000913015,0.0,
0.2646711168230525,0.42366032829584144,0.6292782306317595,0.0,
0.42689608223116854,0.4468634831534356,0.7439374763691196,0.0,
0.38040974584642234,0.40781694624550097,0.6062413681643207,0.0,
0.49132354948504897,0.4505024916397488,0.5973786782027669,0.0,
0.37177264112299885,0.3507850750239101,0.5482323748817199,0.0,
0.5392995148316901,0.5185795792565533,0.6801852844518933,0.0,
0.4022546610160381,0.40341696961618745,0.2008801199284298,0.0,
0.395269635931602,0.4103694251481672,0.5343495557291795,0.0,
0.4528614059935118,0.42411419215058577,0.6539487165568576,0.0,
0.5749929313910799,0.5749929313910799,0.2875128103757326,0.0,
0.4988596477749412,0.48000850935041633,0.707150300000681,0.0,
0.572606942477062,0.5749929313910799,0.3306196466524201,0.0,
0.4297012627576851,0.4300638094846557,0.22157778901958,0.0,
0.21184155795453805,0.33732769774128707,0.5056405529129059,0.0,
0.43756639388600566,0.43756639388600566,0.6087924268161359,0.0,
0.3491643351970721,0.3491643351970721,0.3036465770486441,0.0,
0.41983915822412105,0.4250738255033557,0.6932410938949986,0.0,
0.3711944642103873,0.3348543459051249,0.5076085721984799,0.0,
0.24790407593841854,0.3909772958955362,0.6216371842914822,0.0,
0.222917731719786,0.26563125234543944,0.39102833463704123,0.0,
0.5094318869273498,0.5065159697373807,0.6536029140767907,0.0,
0.37430121420150264,0.42997807524158643,0.6379048316021757,0.0,
0.4925776747325377,0.46612661671640626,0.6653308466182405,0.0,
0.37298786594512806,0.3840972153297113,0.5244078135570743,0.0,
0.4133956057449747,0.34143169429148573,0.5280731918637799,0.0,
0.37291872966851525,0.37291872966851525,0.6283646254121205,0.0,
0.480405240792285,0.47067322332147693,0.6965976730834254,0.0,
0.4042245501917002,0.4042245501917002,0.23924235212915435,0.0,
0.36859099186914046,0.42997807524158643,0.6066790017192262,0.0,
0.40800652632451456,0.39623924619271084,0.6944374448069122,0.0,
0.5044237692312755,0.5057858945428519,0.20100552700657853,0.0,
0.40329940329940334,0.40329940329940334,0.5650910696147081,0.0,
0.4480908585724456,0.439207359595748,0.6086841324586095,0.0,
0.3802051390962697,0.4573018074553411,0.6440732878248596,0.0,
0.38498882091296244,0.38498882091296244,0.6277220504650943,0.0,
0.37113954333930715,0.3705290800423108,0.6084134391781674,0.0,
0.34460019121151014,0.3337936162302831,0.6342473212638324,0.0,
0.48505271191681887,0.4761751596746773,0.6088434226537915,0.0,
0.50653243279956,0.5137868489854158,0.26623531202316514,0.0,
0.44043388164130676,0.44043388164130676,0.6050061036336292,0.0,
0.33453468634445127,0.26637263948103695,0.5084712393736216,0.0,
0.4081834173647487,0.41844210195228715,0.6669007770809667,0.0,
0.49496610091471643,0.4823000823861836,0.6673341881232528,0.0,
0.47361849498261827,0.46646026607413466,0.19569592671564,0.0,
0.42188833799446773,0.4254363133833264,0.6096640395359414,0.0,
0.5483918099526475,0.351135020355968,0.3434389929074958,0.0,
0.4209638444353257,0.4100928468279342,0.7176746534326189,0.0,
0.3632700622751117,0.37247669520082666,0.24510729963069314,0.0,
0.3871056793304386,0.3871056793304386,0.5566229861520298,0.0,
0.34139187814907535,0.33269370462590114,0.5967975156053266,0.0,
0.429814542883559,0.4720235820732573,0.6682829267852226,0.0,
0.4495064125949438,0.4495064125949438,0.6067733128054148,0.0,
0.38251474440543864,0.3959164205545985,0.6323207563687298,0.0,
0.41355789870565,0.3823739853969346,0.6806002772872813,0.0,
0.42795779532715517,0.40525579068044054,0.6693743248782233,0.0,
0.42487450140329763,0.4519258505776792,0.6918367208717974,0.0,
0.3955351585120665,0.3812330551128717,0.6455566905005107,0.0,
0.4088373583400363,0.46015508991915527,0.5916067689927856,0.0,
0.4028385005135375,0.4274887942066646,0.6026003391746749,0.0,
0.47028386901325275,0.47028386901325275,0.6567306365078395,0.0,
0.3117151589692864,0.3117151589692864,0.20120006031634746,0.0,
0.5208970666118439,0.5096125314300886,0.6435583475057011,0.0,
0.3828887213838667,0.398384403860456,0.5828518786306189,0.0,
0.26933185070395327,0.36257136707236765,0.5910677874271891,0.0,
0.4807154537840077,0.4807154537840077,0.6051440486752565,0.0,
0.45236291004340806,0.4569201112416662,0.48872190468577215,0.0,
0.44213621642176404,0.5153683989077984,0.7035833331457754,0.0,
0.39423819654516185,0.4349069476474255,0.5756790722786068,0.0,
0.47790489131028396,0.47790489131028396,0.6675605393909186,0.0,
0.43185879427570123,0.43185879427570123,0.632292136307923,0.0,
0.4760503461460664,0.4757810404568817,0.676596014521473,0.0,
0.25841134953065065,0.25841134953065065,0.327645101914736,0.0,
0.510601089547306,0.510601089547306,0.7210197646941319,0.0,
0.4666811965346265,0.456249918453797,0.7213662073116572,0.0,
0.275760086658332,0.2709057964323018,0.5395298036259912,0.0,
0.43520863390884007,0.42142308928583144,0.6411947683736722,0.0,
0.5523324484177575,0.5523324484177575,0.6127386161738712,0.0,
0.4486740775977535,0.501328237871091,0.6705338211967135,0.0,
0.42948350837156735,0.3954326845416423,0.5337052668738591,0.0,
0.39710863530273505,0.395269635931602,0.5868997953802725,0.0,
0.5207503280056599,0.5179688967110521,0.6575871070253093,0.0,
0.33459731407646587,0.34793618637629786,0.578737693555225,0.0,
0.3865712776807305,0.3938328333758601,0.5417891426569088,0.0,
0.4201285295469107,0.40966006823551526,0.6117098403203594,0.0,
0.35635971019584495,0.35635971019584495,0.5474804337028071,0.0,
0.36158517043850696,0.36158517043850696,0.5999328746433965,0.0,
0.4784967253175864,0.4784967253175864,0.7078779811324611,0.0,
0.437761764725261,0.4451549347416503,0.5880582253385023,0.0,
0.5080168168797139,0.5162500191356796,0.7190675028398119,0.0,
0.4771868342541558,0.44973466628051556,0.7197125697610549,0.0,
0.3665487003289735,0.3665487003289735,0.5295810194611381,0.0,
0.38568484882272347,0.3845182163273461,0.6168814690552062,0.0,
0.345231333734839,0.38568484882272347,0.4869339928946453,0.0,
0.4258510561948278,0.4173210894346395,0.6331691156003828,0.0,
0.35345287536867803,0.425410259235018,0.584617895412241,0.0,
0.3934166712156777,0.4591357973431002,0.6561751353654585,0.0,
0.4623101011476281,0.4853757302322133,0.680057521813746,0.0,
0.4626134027712546,0.47245004751124287,0.24585473234593178,0.0,
0.44382147972614866,0.4385286003635649,0.5588852635249644,0.0,
0.43544241751234625,0.41796839376213246,0.6092755461655627,0.0,
0.34045380715656837,0.34045380715656837,0.5704857899769568,0.0,
0.45186167825769064,0.3011575428901433,0.6424748883865434,0.0,
0.3442686495810426,0.30990733418943295,0.6553199097449639,0.0,
0.3806654475127945,0.3778803789955688,0.6229448924640629,0.0,
0.41979289921343843,0.4636449564253032,0.6249555272037546,0.0,
0.46900634602171826,0.39908462945722306,0.622395510251037,0.0,
0.41972920696324956,0.41979986986569356,0.6091691649494477,0.0,
0.3840125459378649,0.3325513022302735,0.5869627125079669,0.0,
0.48555139994434837,0.4953383788526928,0.7581137410001747,0.0,
0.34930946012336916,0.35043866621083414,0.5705522855410251,0.0,
0.3559623657232824,0.49736616359404034,0.6088135408779081,0.0,
0.4556692621270336,0.4580264582421149,0.639705767169363,0.0,
0.30977471198436074,0.2138695589764967,0.5628524748063498,0.0,
0.3538579299934359,0.39198448970662986,0.5821145948676546,0.0,
0.4028479064702059,0.37654664390262615,0.6329574950962849,0.0,
0.47593408386359926,0.436496495072846,0.6307972837873519,0.0,
0.4663279383117948,0.4410615985484516,0.6055271233876034,0.0,
0.5503426428332995,0.5503426428332995,0.7104920498935366,0.0,
0.448888581153158,0.448888581153158,0.6896868227403631,0.0,
0.42366032829584144,0.42366032829584144,0.5270462186816743,0.0,
0.40841628743242686,0.39274811907513957,0.6313019860804617,0.0,
0.40279435784501744,0.3853552530909044,0.5944396964578524,0.0,
0.39724917377636176,0.3870508025787084,0.6310842436327748,0.0,
0.3924126952455724,0.3984384999360041,0.613422830979745,0.0,
0.4395719492968957,0.4257299867876676,0.5620051935607079,0.0,
0.3778129931871172,0.3778129931871172,0.5992545321059468,0.0,
0.42954934398174555,0.43944641225989184,0.2847335730630925,0.0,
0.48854243328885566,0.4105572036215983,0.2392290802634789,0.0,
0.41448468810382627,0.41448468810382627,0.5826593554142768,0.0,
0.45380807822724184,0.45380807822724184,0.6386404212626594,0.0,
0.37540076471845535,0.35625498059313904,0.5768198218998855,0.0,
0.5313095361329954,0.5054334659598104,0.7322666352042148,0.0,
0.3682626730734695,0.35102973021002676,0.37778310395721115,0.0,
0.5131192511084985,0.5021082398229914,0.24649976846161326,0.0,
0.33549939677899127,0.32788846915987124,0.5584398803198304,0.0,
0.3695844211070852,0.43507740766441383,0.6010516305867875,0.0,
0.4181630917631888,0.376831124966416,0.6822339475901794,0.0,
0.3703622373882208,0.3703622373882208,0.5274133758773017,0.0,
0.5114424174942629,0.5019441127716618,0.6961362980862037,0.0,
0.45272205676723076,0.41758034067531136,0.5938092644037224,0.0,
0.36692448313477394,0.3658893215761753,0.5180830314850934,0.0,
0.4371049118856877,0.42592809920588354,0.6069935230902626,0.0,
0.41158639489711896,0.45676131491395244,0.7854753670843019,0.0,
0.4012046693808909,0.4114141122906975,0.181390097129733,0.0,
0.36621736030176844,0.4014161776240459,0.5470384060076537,0.0,
0.38534018314699886,0.38534018314699886,0.667141267273735,0.0,
0.4396923784283192,0.4396923784283192,0.6933497061740893,0.0,
0.46581549597654437,0.43717337918025184,0.6552916684561361,0.0,
0.4440196300956603,0.4922900460338312,0.6447561787212585,0.0,
0.26557293843020313,0.21028554918861656,0.5397814499658091,0.0,
0.38155268567859135,0.3916406079089938,0.5827435285988931,0.0,
0.3628165898302623,0.3773803680850106,0.5930048123974918,0.0,
0.4032253198815716,0.4032253198815716,0.6167651195499296,0.0,
0.4930606951749071,0.52519341531243,0.6830348955939587,0.0,
0.48765202161794785,0.44925409000279265,0.6676091892583867,0.0,
0.46023091934792587,0.4701114510441857,0.6574868294720213,0.0,
0.35846314137607244,0.2801979158619897,0.7040505123244564,0.0,
0.44669903695135527,0.4601475676642683,0.6566628442701372,0.0,
0.43069127521200823,0.4272944531734819,0.72348764555524,0.0,
0.2617957183938652,0.3945661493752577,0.19971917278738274,0.0,
0.5309316858306344,0.48111857315864803,0.7474288415130182,0.0,
0.44784731853281434,0.44784731853281434,0.5274066453521115,0.0,
0.406813296925189,0.39700253791181567,0.5829108103671958,0.0,
0.42446228425382887,0.40917411435339723,0.6604738965401636,0.0,
0.3258660255709758,0.31913831931559283,0.513977348792331,0.0,
0.4903688821235397,0.43024623614223473,0.7381130151741063,0.0,
0.507170349378244,0.4417129332459838,0.6360254203026269,0.0,
0.35580495372668336,0.42057464432889075,0.5586170448616171,0.0,
0.3428226023293382,0.3428226023293382,0.47006434305760136,0.0,
0.4576247539364715,0.44595385341596533,0.6960651658042715,0.0,
0.5777155603211479,0.5777155603211479,0.7467787773484573,0.0,
0.4902432111162135,0.4427946868769906,0.6209816306322287,0.0,
0.40081514129259355,0.4132258336012914,0.6825350216612532,0.0,
0.5021488634192514,0.5021488634192514,0.6080506309567334,0.0,
0.4539492103315588,0.5006815849530549,0.3107144142114024,0.0,
0.5160147689428465,0.5160147689428465,0.7323700771163953,0.0,
0.5005951058320371,0.4658590068312502,0.6301311720597449,0.0,
0.3535200245578082,0.35234086228960826,0.4992505412757453,0.0,
0.36498854595380675,0.3677533642580874,0.13812885425343352,0.0,
0.40695747968716844,0.44138918430691326,0.6450923952549956,0.0,
0.4154295991486033,0.3845641689670751,0.2167419636083653,0.0,
0.49176580957922994,0.3572449326164553,0.1589021497958686,0.0,
0.4733117425687131,0.25892915760637103,0.6444591672584784,0.0,
0.42848252928351804,0.39339479163720315,0.3936251225371608,0.0,
0.46008815696433414,0.5051664651457373,0.6050061036336292,0.0,
0.48195116991957426,0.4727636843242861,0.5939593015020808,0.0,
0.40172278106699205,0.40172278106699205,0.5272623793063133,0.0,
0.462405702506997,0.4417309312904506,0.6935297457088511,0.0,
0.4726436593269416,0.43074776510629537,0.6393471373741144,0.0,
0.4827349136472863,0.45422329023219093,0.6711085523109668,0.0,
0.4362429557598848,0.4538501175135396,0.20701737356239228,0.0,
0.4131427471322299,0.3580570241571033,0.5606846484690287,0.0,
0.41880834216369234,0.41880834216369234,0.6317027735769772,0.0,
0.4623411437863916,0.5207195124356522,0.40763761157767997,0.0,
0.47734927821848794,0.4756620521190196,0.6798898857428751,0.0,
0.5148476380104802,0.4977728749103557,0.6434350295745819,0.0,
0.2624229353662382,0.33186577181208055,0.41699350535052604,0.0,
0.3846236674921934,0.3846236674921934,0.5290728212573237,0.0,
0.48026835302378384,0.48026835302378384,0.70814672033562,0.0,
0.41848154704864104,0.3965236082503562,0.6549317880540456,0.0,
0.40995078619431174,0.42270881449985115,0.6946793792722736,0.0,
0.4788698877616293,0.4460219304112923,0.6769561287035638,0.0,
0.4451596348469758,0.4667141378090175,0.6694558682887898,0.0,
0.438474581104231,0.44336103287815537,0.6819700616324781,0.0,
0.36885674286421916,0.36885674286421916,0.5414625701622193,0.0,
0.43293068650781696,0.43293068650781696,0.6781181317750486,0.0,
0.4591057126606158,0.44831107585366603,0.5201430894598329,0.0,
0.45631677504725077,0.44499549731796767,0.6590196872574728,0.0,
0.47734927821848794,0.4913406543868889,0.6708694681836728,0.0,
0.4645036771995999,0.40126797991603386,0.5219895904895939,0.0,
0.3548359649701242,0.3548359649701242,0.5468531093518525,0.0,
0.49364690957225393,0.49364690957225393,0.6598878696365406,0.0,
0.4107213073669019,0.4410353263059755,0.6340409594354032,0.0,
0.34854735625001326,0.36305529466262654,0.6007489337157612,0.0,
0.5667127154517696,0.5667127154517696,0.7355451376367352,0.0,
0.3916406079089938,0.40234204523711753,0.5939721952159285,0.0,
0.3616706224703959,0.35448319294654806,0.5435588455729935,0.0,
0.35866457899744625,0.35866457899744625,0.5004138914998575,0.0,
0.4416196286000126,0.3928921431069244,0.2203902535694722,0.0,
0.501983166423158,0.501983166423158,0.681746186627213,0.0,
0.42217773925148994,0.42217773925148994,0.6422792690288802,0.0,
0.49598746233094254,0.49598746233094254,0.7463398025195778,0.0,
0.39908018517041155,0.4377021421078062,0.5772764910824089,0.0,
0.40750293643194746,0.40157984675354874,0.5967258572685472,0.0,
0.4323906690883499,0.4323906690883499,0.22080741261218034,0.0,
0.3929735382554947,0.3940112763541399,0.5913440660263277,0.0,
0.37927335237627474,0.3993124504378753,0.47416718380712203,0.0,
0.3982671985804176,0.40555433485418363,0.5812408494828483,0.0,
0.3392785532873756,0.3792746709581011,0.5062591387407396,0.0,
0.44606989409394254,0.4345703167271956,0.6167169591751127,0.0,
0.3975942635427934,0.38720808958285946,0.537932735497039,0.0,
0.24327908402617868,0.4190394522434639,0.6562575867240554,0.0,
0.4151450088683468,0.44102449083580664,0.7216856474488605,0.0,
0.33922745745327293,0.32427341632636364,0.3577462850557215,0.0,
0.48963868576183284,0.46720245213676526,0.6956350891857329,0.0,
0.5431757849788722,0.5431757849788722,0.6686824279060685,0.0,
0.45538009228855614,0.41555680731719424,0.16330279929880284,0.0,
0.4853438244583587,0.46112487295350646,0.6586643169084935,0.0,
0.39663671687892144,0.39663671687892144,0.5279902996520724,0.0,
0.5287590062469923,0.5179144154214265,0.7341862989558211,0.0,
0.44353146355820383,0.4290838569814795,0.5105615086720952,0.0,
0.3454231168301281,0.32191911840690574,0.5315654686677491,0.0,
0.4667907164533464,0.4568515531022091,0.5670278128072859,0.0,
0.5081180253700623,0.5170562092304192,0.7584338346870868,0.0,
0.3941952193178757,0.3941952193178757,0.6070294075990801,0.0,
0.4257299867876676,0.38640058083128265,0.6279530248695819,0.0,
0.3978101795773659,0.40163344942890106,0.5734692448282016,0.0,
0.4699858241894637,0.4824005270897056,0.6480487942621562,0.0,
0.4413177792273368,0.4413177792273368,0.541348575082937,0.0,
0.40887849447821173,0.3542232646084045,0.5383491795479975,0.0,
0.5372011543873461,0.5420520171310508,0.717528835833873,0.0,
0.38303109394078394,0.38303109394078394,0.5306604769876896,0.0,
0.3486346379911738,0.3284327459615068,0.6184852803986366,0.0,
0.37998160300337575,0.40756248347359386,0.6301337703556225,0.0,
0.4207135276630279,0.4207135276630279,0.7578387648529339,0.0,
0.37669678807035034,0.37669678807035034,0.5067453057077738,0.0,
0.49794548295618957,0.4820344584794647,0.27567312862087917,0.0,
0.37135140125515015,0.4056425198172997,0.5312412597191922,0.0,
0.44098475274784926,0.3773803680850106,0.6526751904084225,0.0,
0.468352927466893,0.5012139475196069,0.5479901061055035,0.0,
0.48697667655184873,0.38299532492738225,0.6072649195164873,0.0,
0.4494429645311262,0.4543468754051744,0.5365882597881738,0.0,
0.3638152528988102,0.362151542777899,0.55483065865795,0.0,
0.3515942238943974,0.3525830012296478,0.5697596839970485,0.0,
0.503948012172032,0.4986849498357007,0.7307056597033014,0.0,
0.38965050121918177,0.3828887213838667,0.6447193711352522,0.0,
0.4087813804440378,0.3933987126692396,0.5522061049046137,0.0,
0.40701617762541087,0.39725956039233473,0.5698430197561091,0.0,
0.3554302402332931,0.3345283110488991,0.4196035290559819,0.0,
0.38735697928061746,0.3585834972604599,0.5592530891787323,0.0,
0.39969606505850636,0.38707038866571414,0.6056384354400495,0.0,
0.3903660224794276,0.34162899309596667,0.5702984089243621,0.0,
0.3903396249137121,0.3903396249137121,0.5536011948419102,0.0,
0.40399761947842167,0.4012080469616813,0.6047777775277006,0.0,
0.419489932885906,0.419489932885906,0.21740550218356997,0.0,
0.4141219160423793,0.40948114477893316,0.64417286333791,0.0,
0.4106320164789108,0.3874250741097041,0.5503782298886467,0.0,
0.3954880125316157,0.3954880125316157,0.5520176125200476,0.0,
0.365294644900858,0.398384403860456,0.5670232313657132,0.0,
0.46830908325315423,0.46830908325315423,0.6705019259474346,0.0,
0.41797240790047163,0.4630989285908522,0.6144481888057336,0.0,
0.5107060146599279,0.5107060146599279,0.6485432355350242,0.0,
0.30128937212629653,0.29232352013480356,0.5286804857262672,0.0,
0.4056581686023409,0.41093902615197864,0.2568810990806249,0.0,
0.49508557259048486,0.47258304499024795,0.71899991162094,0.0,
0.46363298399279684,0.46001592758774745,0.6570368804674663,0.0,
0.47574546358005587,0.48869429289389854,0.6671943220379055,0.0,
0.44269329474778024,0.44381070229371694,0.6852194032123531,0.0,
0.3519085635809913,0.2898905891206608,0.6167535373581304,0.0,
0.43518084368511006,0.4323219253130834,0.643599107644348,0.0,
0.5063260879577339,0.4645132670235853,0.621014261712717,0.0,
0.4020040115381151,0.3606443980424987,0.5734863044717472,0.0,
0.4481788579529045,0.40154772891399343,0.594962444231095,0.0,
0.5070599233056295,0.5070599233056295,0.7206202684316803,0.0,
0.3386907570373,0.44396576982092745,0.3200022064264071,0.0,
0.46089211458409,0.47800890037951077,0.6868345518302453,0.0,
0.4817103885693762,0.5162020425062103,0.6222206150243867,0.0,
0.44941411184018754,0.40828021238360446,0.6013136893524266,0.0,
0.31046307063839934,0.2946018172100481,0.5533114106158229,0.0,
0.41617356148195606,0.41617356148195606,0.6083712474067674,0.0,
0.275472992905368,0.275472992905368,0.4630508233294852,0.0,
0.41557592044111685,0.40756646697878146,0.6369842663396175,0.0,
0.30361193844759127,0.2716748096735116,0.47581302583413176,0.0,
0.391533425941631,0.39183105683355307,0.5224751922996369,0.0,
0.4336150944368463,0.4172571779610231,0.5648914564346458,0.0,
0.48930360178809384,0.41788596437104664,0.6174584587306903,0.0,
0.42361391577749696,0.3866275743398312,0.6095298277084338,0.0,
0.36884042328087563,0.34888979657148633,0.5932322100825433,0.0,
0.41272674844762197,0.41272674844762197,0.17886303828083475,0.0,
0.5030894727270308,0.4581222758864413,0.6563519283105634,0.0,
0.5070909912255521,0.5296894580157226,0.6830377516568998,0.0,
0.5444773500054843,0.5254700914648179,0.7484670793804299,0.0,
0.3182643467456502,0.3359248117427516,0.634325105083536,0.0,
0.48577497680105197,0.5056368785689097,0.7064239347366558,0.0,
0.443924736667325,0.443924736667325,0.6814431920181505,0.0,
0.37885516767887867,0.3867772154624744,0.6169031615072234,0.0,
0.4237140827734077,0.4237140827734077,0.5236339536346096,0.0,
0.23397226780190788,0.3391644025352598,0.28915696855475026,0.0,
0.4591057126606158,0.4591057126606158,0.6404533099378614,0.0,
0.4128037531771978,0.3768754416752407,0.5834241946688189,0.0,
0.39400307501624354,0.5038365995031742,0.5603670564790316,0.0,
0.3377146814697778,0.4093741533459767,0.28498820149373355,0.0,
0.43579988668604064,0.43867772154624746,0.7504606618571982,0.0,
0.4977728749103557,0.46269737258142946,0.6664910563076151,0.0,
0.46612661671640626,0.46612661671640626,0.6052893463904662,0.0,
0.3403792022943332,0.35180638673336584,0.4241035956861397,0.0,
0.480911469374216,0.480911469374216,0.7464513392948263,0.0,
0.41405626676822455,0.41990978034030824,0.5726313951379826,0.0,
0.43167975714873996,0.43167975714873996,0.5717577545357141,0.0,
0.42313325450770684,0.4263239374535512,0.6332488080586262,0.0,
0.38535790749474474,0.40650694072230387,0.17215394132803724,0.0,
0.3290029189318685,0.29451514481169677,0.4867616037221284,0.0,
0.37452139947619384,0.375605855763878,0.6048786941711759,0.0,
0.33133859011893285,0.32534781542221974,0.5099089389164108,0.0,
0.5104236302782796,0.46036679321491564,0.27173270197694427,0.0,
0.4708926344895309,0.4708926344895309,0.6814123974794165,0.0,
0.39790399139115984,0.39790399139115984,0.5129834266349131,0.0,
0.37580616934255473,0.37572768766511355,0.5113818618613184,0.0,
0.3591339104753578,0.3719619274700723,0.5822068751280279,0.0,
0.3553575394061959,0.3553575394061959,0.5927139548467265,0.0,
0.3899472006078119,0.3964782117488172,0.5390882440337595,0.0,
0.26097006999320826,0.4786243679130477,0.6066960892872044,0.0,
0.3891102833825415,0.3655339608991363,0.5178381919717479,0.0,
0.49523047220304245,0.4377229298325977,0.7069358145116204,0.0,
0.4391264841685061,0.46670633193265365,0.6443045615245322,0.0,
0.4955491560780095,0.4955491560780095,0.691601747665518,0.0,
0.4127710731955426,0.3672024497066809,0.5934566956178179,0.0,
0.41592043216524566,0.40592061914747035,0.5504392527715155,0.0,
0.4075819074840231,0.42514847929270877,0.26676868145881155,0.0,
0.5243553386823191,0.510601089547306,0.6360089826496114,0.0,
0.3785813593898208,0.342027049518733,0.6070331224530443,0.0,
0.4272600755981962,0.45204486444453235,0.6460493628662075,0.0,
0.5323017262559568,0.5558137833001062,0.6956431055511977,0.0,
0.5843344386860202,0.53248133300525,0.7249033550958325,0.0,
0.45795664090611804,0.3947453429525143,0.6320526071120699,0.0,
0.37463968916292156,0.36520692758015594,0.5837591623745355,0.0,
0.3286041954642809,0.3286041954642809,0.58240553363429,0.0,
0.46857756950843427,0.47076242259543727,0.6341665700957302,0.0,
0.23732840657247373,0.3404485465997725,0.5845215132779813,0.0,
0.4114141122906975,0.4362153076348049,0.6094414468357273,0.0,
0.46015932360244266,0.4349829606632884,0.5844772742068365,0.0,
0.45683564148329575,0.444135028595081,0.5854549241660988,0.0,
0.4952723369534389,0.47637783307494214,0.7444299563467317,0.0,
0.41663599959062175,0.3843881618613447,0.6244203773465232,0.0,
0.381872200925546,0.4142760279433624,0.4593089672514025,0.0,
0.4399882884792284,0.4727793443972624,0.6964248872645818,0.0,
0.4670585952065802,0.47116872474620897,0.6769326531440711,0.0,
0.40329940329940334,0.3704033515240767,0.1814666258307104,0.0,
0.41407831695802244,0.419978705588362,0.6568815198743562,0.0,
0.45737060670073026,0.4661338995083333,0.6698676745147384,0.0,
0.39489464425583276,0.3959142535622695,0.6291037313112753,0.0,
0.4382619521156269,0.4382619521156269,0.5959454356757343,0.0,
0.408550765156293,0.4178379525041497,0.6343287466029457,0.0,
0.4483312734481161,0.4483312734481161,0.5954107238836942,0.0,
0.4269862947949891,0.4129398301617206,0.6343213430999015,0.0,
0.4588141141279035,0.4103694251481672,0.6455241623229885,0.0,
0.45379574501348413,0.45379574501348413,0.5954621206468084,0.0,
0.3268510774323786,0.544260621952809,0.6596684379962695,0.0,
0.3835482421341659,0.3835482421341659,0.5802445277863292,0.0,
0.3904576991010813,0.35815618919274966,0.5457400183234701,0.0,
0.4705151755974482,0.4581273330478526,0.5924426390401052,0.0,
0.49002516672679824,0.46189847700024983,0.7108887586278974,0.0,
0.3515590472798733,0.3662212720470337,0.5488875144921272,0.0,
0.43735497566554776,0.4490886907637965,0.621556332586266,0.0,
0.5797011551595876,0.5598190904833416,0.7604331694669014,0.0,
0.4170069989524344,0.40621767040806167,0.5875201658064851,0.0,
0.512517132510389,0.5180427545541896,0.6820068095970344,0.0,
0.38425702009894397,0.38425702009894397,0.5110091055825325,0.0,
0.46048325053136696,0.4568939464764419,0.6667261260976475,0.0,
0.5106046648653284,0.5428126747890373,0.23392680420400003,0.0,
0.46278794456759353,0.3043346436715297,0.7468147849285665,0.0,
0.5412016507831866,0.4853438244583587,0.6943461976802938,0.0,
0.4112783234358569,0.37613999272127435,0.5420559266746199,0.0,
0.3533726118512182,0.3571515554197743,0.5217282549948856,0.0,
0.41115307209916147,0.40788414074096646,0.5527152279526253,0.0,
0.36134259407989,0.36134259407989,0.6303397569251874,0.0,
0.30885227590058645,0.34828739161735967,0.5271136302150552,0.0,
0.4960275241380383,0.5574027456637733,0.6891588484377513,0.0,
0.4573544294744962,0.4573544294744962,0.6564844794060857,0.0,
0.22866472144043243,0.35476789507553175,0.2585515040604861,0.0,
0.49743433956532357,0.4731217807653393,0.6693112677272335,0.0,
0.3643306427490871,0.3497791234426962,0.5009581332990256,0.0,
0.4270060794589435,0.44856449097501433,0.20549509783596132,0.0,
0.36671635694013427,0.4007752772693012,0.5802763573647014,0.0,
0.37920635024250776,0.37920635024250776,0.5832330588624265,0.0,
0.3828581703043938,0.3828581703043938,0.6289841028436327,0.0,
0.4388333818627472,0.43354339887057936,0.5883604441232859,0.0,
0.40849513243052155,0.41014763721685454,0.21415233268854478,0.0,
0.4445111632731044,0.3729458664016195,0.5987721842445347,0.0,
0.40968860966360016,0.3497765839891133,0.5052233859503081,0.0,
0.3579674027027142,0.34520564668045994,0.5485918979526458,0.0,
0.4757810404568817,0.4757810404568817,0.6544081357282899,0.0,
0.3764969001580984,0.39660349982886184,0.5816876646136504,0.0,
0.42864086834436055,0.3272166020266931,0.6802368984223361,0.0,
0.3874250741097041,0.37090353925643277,0.626942164771716,0.0,
0.5019832815732717,0.4942400781868024,0.7074343685713897,0.0,
0.43275463938013436,0.4675867046682363,0.6047254193508023,0.0,
0.4404812458788307,0.4306929116809842,0.6354134742644137,0.0,
0.4092574106933033,0.3911273667382191,0.5734330389335599,0.0,
0.3587163132323152,0.3587163132323152,0.5621975558102057,0.0,
0.4291890212727402,0.3663498593785342,0.5966034006333326,0.0,
0.41766963536708873,0.41766963536708873,0.6315031020041811,0.0,
0.4201193377594756,0.4201193377594756,0.6158447697434385,0.0,
0.24388039828281757,0.3861789748119505,0.4575890565370021,0.0,
0.40680265133795157,0.5486658375950717,0.6741543286560902,0.0,
0.4384338303690323,0.4456083698743393,0.6065048223224014,0.0,
0.36924735224295213,0.37950468174282004,0.554551770511506,0.0,
0.46363515894343293,0.46363515894343293,0.7040249442079106,0.0,
0.4346106862527935,0.42650588701225106,0.5968025398265208,0.0,
0.36326558343259086,0.3851471510147684,0.6299199863424189,0.0,
0.3626013970497245,0.39448244149492784,0.6458985887884446,0.0,
0.38326047909974054,0.39161886401094764,0.631146242196236,0.0,
0.41545657257845214,0.41545657257845214,0.6419690576652602,0.0,
0.4345703167271956,0.4345703167271956,0.6146279859040876,0.0,
0.4540284525924906,0.4279652248166374,0.6016177549276249,0.0,
0.5187593510302383,0.5187593510302383,0.6801973872024578,0.0,
0.5118044416824038,0.47666649900166425,0.5431367738427568,0.0,
0.3021195782384399,0.40788414074096646,0.7058336940534441,0.0,
0.2784121068634136,0.5156254494681617,0.6414255750117465,0.0,
0.5030272950673867,0.5030272950673867,0.6540284681274855,0.0,
0.457795340715894,0.31423503015923987,0.5986679772003459,0.0,
0.32272390021047254,0.42763447553403067,0.47393101990674075,0.0,
0.4271496479672459,0.41977044964559473,0.6086357289638885,0.0,
0.4264708754402373,0.38503770752023925,0.46949041724673196,0.0,
0.5103309699963426,0.5103309699963426,0.6395985710320299,0.0,
0.35827396033241665,0.34906094214522737,0.58627601010272,0.0,
0.41797240790047163,0.41797240790047163,0.6358672948514317,0.0,
0.4936404505287492,0.4735212139981419,0.557063021739473,0.0,
0.2998024922497623,0.29873064566014634,0.5787406066761671,0.0,
0.36880536912751677,0.4149197625899436,0.6795023924310127,0.0,
0.434591701412327,0.434591701412327,0.31837246271677266,0.0,
0.4410353263059755,0.4410353263059755,0.668723567467025,0.0,
0.40941680994018287,0.3768754416752407,0.2788824301375567,0.0,
0.34498418671344544,0.3349963713610464,0.3536285545652571,0.0,
0.4241668946589487,0.4622478236164186,0.6566698792448552,0.0,
0.4191666246567055,0.4240470208536961,0.5942301562722523,0.0,
0.45276316673493583,0.45276316673493583,0.6290579903372037,0.0,
0.4071528346523404,0.4177656566623933,0.18382361075770817,0.0,
0.4235823124026358,0.4262212169017237,0.642166714302754,0.0,
0.46972976655363907,0.47381836316285253,0.669344856198452,0.0,
0.4312652397724194,0.4211209577619856,0.7193337523284862,0.0,
0.503432288316609,0.507560498295063,0.6290214612713231,0.0,
0.47921780128242886,0.47921780128242886,0.6092811861357694,0.0,
0.4372732217637203,0.41549980531162106,0.5815135445735959,0.0,
0.30910946475568984,0.27466504135974734,0.5843132470783321,0.0,
0.38504297767273593,0.38504297767273593,0.5291623248486108,0.0,
0.4031262132132067,0.42329247960384964,0.6684619309484665,0.0,
0.40520582314168585,0.4203775490437209,0.5227745745873075,0.0,
0.5088441097634303,0.4892196618629775,0.6686824279060685,0.0,
0.4517936659914501,0.43379894873168795,0.632943907753068,0.0,
0.3469993788161144,0.3076098468492274,0.5084373206544793,0.0,
0.42990656254041176,0.44768408145834293,0.6317243790741343,0.0,
0.36269927624952886,0.44066626709105355,0.18526363990030323,0.0,
0.44907815297227205,0.4278769385921247,0.7089693144308659,0.0,
0.3938693410881185,0.35971375438431297,0.59291451204753,0.0,
0.3626013970497245,0.34314302031076516,0.5301914288044904,0.0,
0.4541319844950721,0.4541319844950721,0.536680408877845,0.0,
0.5123247829076427,0.5123247829076427,0.7192048897782876,0.0,
0.3694300540154609,0.3164478565475733,0.5943739430396497,0.0,
0.39179145867997783,0.5055384540805196,0.6017726223783364,0.0,
0.3990475552260165,0.3515942238943974,0.6568532185970416,0.0,
0.3634120503777459,0.37788178344170065,0.5639172970795022,0.0,
0.5096511183182227,0.5096511183182227,0.6906306574747516,0.0,
0.4371049118856877,0.40594124361985484,0.7078927778695404,0.0,
0.4210271003062157,0.4377021421078062,0.6159818267456038,0.0,
0.4603377051892028,0.45269232356986266,0.6083941909928412,0.0,
0.41272048950529,0.41272048950529,0.5569952210409262,0.0,
0.3240663354701308,0.37797974585843785,0.5242440332504897,0.0,
0.5084507565574505,0.4824005270897056,0.7591104081073059,0.0,
0.2892470992822331,0.46517518954916914,0.7313601338438623,0.0,
0.5607537160169089,0.5607537160169089,0.7344725391091792,0.0,
0.3799569870470904,0.3799569870470904,0.21005147751337624,0.0,
0.39027163777586693,0.39027163777586693,0.5750309263018903,0.0,
0.4823978241981739,0.5025800651414497,0.6925037335604725,0.0,
0.46479572012196857,0.4903780831796187,0.7062875794147088,0.0,
0.28070003523527365,0.30803811808328463,0.4623101011476281,0.0,
0.3716354801385054,0.3716354801385054,0.5995567932047643,0.0,
0.4643826008707504,0.46071949687755925,0.6206464556600048,0.0,
0.3958960587767487,0.42093802818739684,0.6215271718561259,0.0,
0.36826695774474066,0.36036447641907066,0.27053836566131156,0.0,
0.36081657959891583,0.32505903787969964,0.621575705137738,0.0,
0.4611276378882489,0.4611276378882489,0.6958225545036322,0.0,
0.4604896385499891,0.33318775077147733,0.705584147815811,0.0,
0.3548752980050249,0.37049782354678407,0.5802758828002844,0.0,
0.4630989285908522,0.4504143114289881,0.5602034818913276,0.0,
0.5446469465015478,0.524655325342352,0.6431366871321085,0.0,
0.5302459020033663,0.5048417202477788,0.7053815907585237,0.0,
0.3854673004594497,0.3960400902949963,0.5245967103252419,0.0,
0.35259377494014366,0.35259377494014366,0.5666968591642391,0.0,
0.5053201213133024,0.49183303085299457,0.7194106718982999,0.0,
0.4404467810613419,0.41613098899779866,0.6804164544785831,0.0,
0.5018481933011978,0.46431901635338224,0.656532305107421,0.0,
0.42086155513411,0.42927236300581045,0.607439789370052,0.0,
0.433970759444005,0.46607749097375656,0.6806324968300571,0.0,
0.45666088242824227,0.43053059947463673,0.695455308491863,0.0,
0.41093292845832546,0.4243747084089919,0.7058563390566992,0.0,
0.4678604796695134,0.45712688799325807,0.5890500634314376,0.0,
0.43296558353251013,0.4349010295683053,0.2590581338207934,0.0,
0.42163441264319845,0.41972920696324956,0.6465382271173153,0.0,
0.4194895989140964,0.43005079554955017,0.6432300534703884,0.0,
0.5151926195283815,0.540252556368649,0.6802268904133812,0.0,
0.42931134740887894,0.42931134740887894,0.5538777549547549,0.0,
0.4007017024555233,0.4007017024555233,0.6863448600371908,0.0,
0.4848159161990668,0.51034967779201,0.6168530655129512,0.0,
0.45369093074309874,0.4275733672806585,0.6566399181009197,0.0,
0.34112906221795847,0.3778423238335092,0.6120135137281417,0.0,
0.461865720001127,0.4535223811551689,0.7020078459263528,0.0,
0.5752742789733102,0.5963480799948602,0.7230017281249503,0.0,
0.40686925176749106,0.41880834216369234,0.4587741044225347,0.0,
0.4108993288590604,0.4108993288590604,0.6422257290004023,0.0,
0.46258217506146115,0.4881243538717426,0.22090954612256197,0.0,
0.26332925475792845,0.4131427471322299,0.5590882430273244,0.0,
0.4626134027712546,0.4626134027712546,0.5435364358915609,0.0,
0.418321619354362,0.418321619354362,0.5214409108145928,0.0,
0.4315656380403309,0.4483336117335948,0.6425236339134505,0.0,
0.4809373015332348,0.4701898148351238,0.21187590423166344,0.0,
0.26773653345856996,0.2872885598492733,0.5348224080648657,0.0,
0.36722763809771614,0.36395399033278114,0.5916557510932541,0.0,
0.4942895594492409,0.4942895594492409,0.772565210084797,0.0,
0.42070371381817323,0.39960501456054126,0.24855304672229708,0.0,
0.4582903188491834,0.4323377266271652,0.5920867992440879,0.0,
